ID,Item Name
1,ABS - Blue
2,ABS - Ivory
3,ABS - Yellow
4,ABS - Red
5,ABS - Green
6,ASA - White
7,ASA - Dark Grey
8,ASA - Light Grey
9,ASA - Black
10,PC-ABS - Black
11,FDM TPU 92A - Black
12,QSR Support - Light Grey
13,ABS - Orange
14,ABS - White
15,ABS - Black
16,PC-ABS - Black
17,Nylon Carbon Fiber
18,ASA - Black
19,Tough PLA - Orange
20,Tough PLA - White
21,Tough PLA - Black
22,SR-30 - Natural
23,PVA Support - Natural
24,"Baltic Birch Plywood 18"" x 30"" x 1/8"""
25,"MDF 12"" x 12"" x 1/8"""
26,"MDF 12"" x 24"" x 1/4"""
27,"MDF 18"" x 24"" x 1/8"""
28,"CNC Foam 12"" x 12"" x 4"" - Green"
29,"CNC Foam 12"" x 12"" x 4"" - Beige"
30,"MDF 9"" x 5"" x 1/8"""
31,"Baltic Birch Plywood 12"" x 12"" x 1/8"""
32,"Acrylic 12"" x 12"" x 1/8"" - White"
33,"Acrylic 12"" x 12"" x 1/8"" - Purple"
34,"Acrylic 12"" x 12"" x 1/8"" - Red"
35,"Acrylic 12"" x 12"" x 1/8"" - Yellow"
36,"Acrylic 12"" x 12"" x 1/8"" - Green"
37,"Acrylic 12"" x 12"" x 1/8"" - Black"
38,"Acrylic 12"" x 12"" x 1/8"" - Blue"
39,"Acrylic 12"" x 12"" x 1/4"" - Black"
40,"Acrylic 12"" x 24"" x 1/8"" - White"
41,"Acrylic 12"" x 12"" x 1/16"" - White"
42,"Acrylic 12"" x 24"" x 1/8"" - Clear"
43,"Acrylic 12"" x 12"" x 1/8"" - Clear Yellow"
44,"Acrylic 12"" x 12"" x 1/8"" - Clear Orange"
45,"Acrylic 12"" x 12"" x 1/8"" - Orange"
46,"Acrylic 12"" x 12"" x 1/16"" - Black"
47,Slate Coasters
48,Plywood Coasters
49,PLA - Gray
50,PLA - White
51,PLA - Black
52,PLA - Yellow
53,PLA - Green
54,PLA - Blue
55,PLA - Orange
56,PLA - Red
57,PLA - Warm Gray
58,PLA - White
59,PLA - Cool Gray
60,PLA - Red
61,PLA - Orange
62,PLA - Yellow
63,PLA - Purple
64,PLA - Blue
65,PLA - Black
66,PLA - Green
67,Special PLA - Copperfill
68,Special PLA - Woodfill
69,Special PLA - Bronzefill
70,Special PLA - Corkfill
71,"T-Shirt - White, Small"
72,"T-Shirt - White, Medium"
73,"T-Shirt - Forest, Medium"
74,"T-Shirt - White, Large"
75,"T-Shirt - Forest, Large"
76,"T-Shirt - White, XL"
77,"T-Shirt - Daisy, 2XL"
78,"T-Shirt - White, 2XL"
79,"T-Shirt - White, 3XL"
80,Cleaning Cartridge Sol/EcoSol ink
81,Ink Waste Cartridge
82,"Swab Kit, 5 inch Swabs, 50 Pack"
83,Eco-Sol Max2 - Cyan
84,Eco-Sol Max2 - Yellow
85,Eco-Sol Max2 - Black
86,Eco-Sol Max2 - Magenta
87,"Pad, Dummy Cartridge VS-640"
89,Makerbot Build Plate - 2 Pack (Sketch)
90,MakerBot Extruder - 2 Pack (Sketch)
91,MakerBot PTFE Coupler (Sketch)
92,Plastic/Wire Cutters
93,Scraper
94,"GiftExpress Natural Canvas Tote Bags, 26 pack"
95,Cotton Muslin Drawstring Tote Bags 10 pack
96,"Makerbot Particulate Filter, 900-0060A"
97,"White Kraft Paper Bag, 100Pcs"
98,"T-Shirt - White, 5XL"
99,Arduino Mega 2560 REV3 
100,Atmel Dip-8 ATTINY85-20PU IC Chip
101,"Acrylic 18"" x 24"" x 1/8"" - Clear"
102,"ULS Applicators - Cotton Tipped, 100 pcs"
103,"Organic Vapor/Acid Gas Cartridge, P100 Filter, 2 pcs"
104,"Half Facepiece, Medium"
105,"Black Nitrile Gloves, Large, 100 pcs"
106,"Aluminum Challenge Coin, Blue"
107,"Aluminum Challenge Coin, Red"
108,"Isopropyl Alcohol 91%, 16 oz, 12 pcs"
112,"45 Degree/.25 Offset Blade, 5 ea. - All Purpose"
